benchmark,baseline_time,optimized_time,optimization_time,total_optimized_time,equivalence_time,containment_time,baseline_props,optimized_props,original_count,optimized_count,reduction_percentage,mc_speedup,net_speedup,mc_improvement,net_improvement,overhead_ratio,time_saved_mc,time_saved_net,performance_category,size_category,baseline_avg_time,optimized_avg_time
phils.5_000,14.89201407309156,7.640407023020089,0.0061006546020507,7.6465076776221395,0.004288911819458,0.0016536712646484,6,3,6.0,3.0,50.0,1.949112662221111,1.9475575911175413,48.69460245256166,48.65363650549696,0.00040965947064702265,7.25160705007147,7.24550639546942,Strong Benefit,Small,2.48200234551526,2.546802341006696
rether.5_000,68.22377307305578,59.84256002900656,0.0100898742675781,59.85264990327414,0.0059270858764648,0.0039789676666259,10,8,10.0,8.0,20.0,1.140054386710507,1.1398621979696795,12.28488643551625,12.270097053731732,0.00014789381784519016,8.381213044049218,8.37112316978164,Strong Benefit,Small,6.822377307305578,7.48032000362582
phils.3_000,0.0663175069494173,0.0358646741369739,0.0058546066284179,0.041719280765391796,0.0041041374206542,0.0015983581542968,6,3,6.0,3.0,50.0,1.8491038478737694,1.5896129015826883,45.91974911793781,37.091602678592,0.08828146439345821,0.030452832812443396,0.024598226184025497,Strong Benefit,Small,0.0110529178249028,0.0119548913789913
phils.1_000,0.0861960131442174,0.1202818769961595,0.0059807300567626,0.1262626070529221,0.0041584968566894,0.0016682147979736,6,3,6.0,3.0,50.0,0.7166167946229304,0.6826725279645852,-39.54459447551467,-46.48311731270907,0.06938522837194387,-0.034085863851942094,-0.040066593908704706,Strong Loss,Small,0.0143660021907029,0.0400939589987198
lann.5_000,4000.0,2000.0,0.003488540649414,2000.0034885406494,0.0024588108062744,0.0008478164672851,4,2,4.0,2.0,50.0,2.0,1.9999965114654354,50.0,49.99991278648376,8.721351623535e-07,2000.0,1999.9965114593506,Strong Benefit,Tiny,1000.0,1000.0
at.2_000,0.6359985929448158,0.2892507249489426,0.0034687519073486,0.2927194768562912,0.0024249553680419,0.0008742809295654,6,3,6.0,3.0,50.0,2.198779598761869,2.172723864415265,54.52022564866896,53.974823198753555,0.005454024499154161,0.34674786799587315,0.34327911608852457,Strong Benefit,Small,0.1059997654908026,0.0964169083163142
driving_phils.4_000,4000.0,2000.0,0.0030906200408935,2000.003090620041,0.0021424293518066,0.0007779598236083,4,2,4.0,2.0,50.0,2.0,1.999996909384735,50.0,49.99992273449897,7.72655010223375e-07,2000.0,1999.996909379959,Strong Benefit,Tiny,1000.0,1000.0
lamport_nonatomic.5_000,3940.83522757201,1819.3825922419785,0.0061519145965576,1819.388744156575,0.0040769577026367,0.0018975734710693,6,3,6.0,3.0,50.0,2.166028873957632,2.1660215499458233,53.832563728808346,53.832407621936554,1.5610687180006406e-06,2121.4526353300316,2121.446483415435,Strong Benefit,Small,656.8058712620017,606.4608640806595
driving_phils.1_000,0.1153781048487871,0.0484653980238363,0.0031824111938476,0.0516478092176839,0.0022380352020263,0.0007598400115966,4,2,4.0,2.0,50.0,2.3806284391194255,2.2339399598247107,57.99428488849392,55.2360395541487,0.027582453343452145,0.0669127068249508,0.0637302956311032,Strong Benefit,Tiny,0.0288445262121967,0.0242326990119181
phils.6_000,624.5398656721227,331.1341185941128,0.0066103935241699,331.140728987637,0.0045351982116699,0.0018844604492187,6,3,6.0,3.0,50.0,1.8860631707892703,1.8860255202718952,46.97950654635152,46.97844810414671,1.0584422048151993e-05,293.4057470780099,293.3991366844857,Strong Benefit,Small,104.08997761202043,110.37803953137092
elevator2.1_000,0.1157977731199935,0.0694516968214884,0.0220727920532226,0.091524488874711,0.0143816471099853,0.0074975490570068,11,5,11.0,5.0,54.54545454545454,1.6673138082951142,1.2652108145450611,40.02328805622174,20.961788462140557,0.19061499594081177,0.046346076298505096,0.024273284245282495,Strong Benefit,Small,0.0128664192355548,0.0138903393642976
mcs.2_000,0.0713164439657703,0.0338037088513374,0.0062313079833984,0.0400350168347358,0.0044155120849609,0.0016553401947021,6,3,6.0,3.0,50.0,2.1097224650527884,1.7813516667212597,52.60040045243684,43.862853209630906,0.08737547242805932,0.037512735114432906,0.0312814271310345,Strong Benefit,Small,0.011886073994295,0.0112679029504458
anderson.7_000,7000.0,4000.0,0.0058863162994384,4000.0058863162994,0.0034959316253662,0.0022177696228027,7,4,7.0,4.0,42.85714285714285,1.75,1.7499974247404086,42.857142857142854,42.85705876691001,8.409023284912001e-07,3000.0,2999.9941136837006,Strong Benefit,Small,1000.0,1000.0
mcs.3_000,11.908218843047509,5.866181804100052,0.0063230991363525,5.872504903236405,0.0043606758117675,0.001807689666748,6,3,6.0,3.0,50.0,2.029977801697945,2.0277920647600913,50.73837757419983,50.68527896037948,0.0005309861382035464,6.0420370389474565,6.035713939811104,Strong Benefit,Small,1.9847031405079176,1.955393934700017
protocols.3_000,0.0755882450612261,0.051100896904245,0.003279685974121,0.054380582878366,0.0024058818817138,0.000697374343872,6,4,6.0,4.0,33.33333333333333,1.4791960540901372,1.389985929909866,32.39570932907157,28.056825721621138,0.04338883607450432,0.024487348156981108,0.021207662182860104,Strong Benefit,Small,0.0125980408435376,0.0127752242260612
szymanski.3_000,17.25912367401179,15.055683687096462,0.0029506683349609,15.058634355431423,0.0020041465759277,0.0007596015930175,5,4,5.0,4.0,20.0,1.1463527019237123,1.1461280795218116,12.76681266403574,12.749716382725676,0.0001709628131006395,2.2034399869153276,2.2004893185803667,Strong Benefit,Small,3.451824734802358,3.7639209217741154
extinction.3_000,3.9273417940130457,3.9334403870161614,0.001239538192749,3.9346799252089104,0.0006773471832275,0.0003635883331298,2,2,2.0,2.0,0.0,0.998449552452035,0.9981350119106639,-0.15528551684532607,-0.1868472768795205,0.0003156176003419382,-0.00609859300311566,-0.007338131195864683,Marginal Loss,Tiny,1.9636708970065229,1.9667201935080807
iprotocol.1_000,0.2057634410448372,0.1472439779900014,0.01080322265625,0.1580472006462514,0.0064985752105712,0.0041055679321289,6,3,6.0,3.0,50.0,1.3974319619292652,1.3019113290426858,28.44016544323052,23.189853433773063,0.05250312009457456,0.058519463054835796,0.047716240398585796,Strong Benefit,Small,0.0342939068408062,0.0490813259966671
lann.3_000,4000.0,2000.0,0.0035607814788818,2000.0035607814789,0.0024607181549072,0.0009183883666992,4,2,4.0,2.0,50.0,2.0,1.9999964392248606,50.0,49.99991098046303,8.9019536972045e-07,2000.0,1999.9964392185211,Strong Benefit,Tiny,1000.0,1000.0
extinction.1_000,0.0236410590587183,0.0230239479569718,0.0007491111755371,0.0237730591325089,0.0004947185516357,7.915496826171875e-05,1,1,1.0,1.0,0.0,1.0268030097574832,0.9944474931452935,2.6103361114819568,-0.5583509328526468,0.03168687044334608,0.0006171111017465002,-0.0001320000737905988,Marginal Loss,Tiny,0.0236410590587183,0.0230239479569718
lamport.5_000,22.26590671390295,9.695080343983136,0.0058727264404296,9.700953070423566,0.0039653778076171,0.0017085075378417,6,3,6.0,3.0,50.0,2.296619102050185,2.295228783426201,56.45773393126867,56.43135851114368,0.00026375420124987044,12.570826369919814,12.564953643479384,Strong Benefit,Small,3.7109844523171582,3.231693447994379
bakery.1_000,0.1671956190839409,0.0869581209262833,0.0080945491790771,0.09505267010536039,0.0042040348052978,0.0037205219268798,9,3,9.0,3.0,66.66666666666666,1.9227142594959825,1.7589786683384507,47.99019172707761,43.148827328042,0.04841364399035608,0.0802374981576576,0.0721429489785805,Strong Benefit,Small,0.0185772910093267,0.0289860403087611
lann.2_000,4000.0,2000.0,0.0035521984100341,2000.00355219841,0.0024774074554443,0.0008981227874755,4,2,4.0,2.0,50.0,2.0,1.999996447807899,50.0,49.99991119503975,8.88049602508525e-07,2000.0,1999.99644780159,Strong Benefit,Tiny,1000.0,1000.0
phils.7_000,4185.802505868138,2107.261948505882,0.0064213275909423,2107.268369833473,0.0045185089111328,0.0017454624176025,6,3,6.0,3.0,50.0,1.9863702796114213,1.9863642266878996,49.65691894083199,49.6567655335085,1.53407323492691e-06,2078.5405573622556,2078.5341360346647,Strong Benefit,Small,697.6337509780229,702.4206495019607
elevator.5_000,3287.9806073359214,3297.6238893660484,0.0036461353302001,3297.6275355013786,0.002709150314331,0.0007545948028564,4,4,4.0,4.0,0.0,0.9970756877213245,0.9970745852702887,-0.293288896187878,-0.2933997890356662,1.1089284778824692e-06,-9.643282030127011,-9.646928165457211,Marginal Loss,Tiny,821.9951518339803,824.4059723415121
exit.3_000,4476.317056597443,3681.714342555497,224.41583061218265,3906.1301731676795,2.1556296348571777,222.2598602771759,306,219,306.0,219.0,28.431372549019606,1.2158241080404975,1.1459723199566005,17.751260779680855,12.737857399743186,0.0501340337993767,794.6027140419465,570.1868834297638,Strong Benefit,Large,14.62848711306354,16.811481016235145
brp.4_001,143.6892333049327,146.24458885996137,0.0035245418548583,146.24811340181623,0.0026166439056396,0.0007355213165283,4,4,4.0,4.0,0.0,0.982526836890522,0.9825031582468828,-1.778390416772397,-1.7808433088741864,2.4528921017893035e-05,-2.5553555550286546,-2.558880096883513,Marginal Loss,Tiny,35.92230832623318,36.56114721499034
driving_phils.2_000,0.2635029420489445,0.1053636190481484,0.003141164779663,0.1085047838278114,0.0021948814392089,0.0007753372192382,4,2,4.0,2.0,50.0,2.5008911465781236,2.4284914706350924,60.01425326455081,58.82217367893482,0.011920795856159901,0.15813932300079608,0.15499815822113308,Strong Benefit,Tiny,0.0658757355122361,0.0526818095240742
iprotocol.4_000,71.75136365694925,52.44603033014573,0.0102550983428955,52.45628542848863,0.005688190460205,0.0043733119964599,6,3,6.0,3.0,50.0,1.3680990382928353,1.3678315776812822,26.905876547663027,26.891583999312413,0.00014292548350615598,19.30533332680352,19.295078228460625,Strong Benefit,Small,11.958560609491542,17.482010110048577
driving_phils.5_000,2000.0,2000.0,0.0018260478973388,2000.0018260478973,0.0012803077697753,0.0003759860992431,2,2,2.0,2.0,0.0,1.0,0.9999990869768849,0.0,-9.130239486694336e-05,9.130239486694e-07,0.0,-0.0018260478973388672,Marginal Loss,Tiny,1000.0,1000.0
at.7_000,5000.0,4000.0,0.0030272006988525,4000.003027200699,0.0020914077758789,0.0007557868957519,5,4,5.0,4.0,20.0,1.25,1.2499990540004975,20.0,19.999939455986024,6.054401397705e-07,1000.0,999.9969727993011,Strong Benefit,Small,1000.0,1000.0
brp.1_000,0.1418901408324018,0.142341038910672,0.0035841464996337,0.14592518541030572,0.0026760101318359,0.0007281303405761,4,4,4.0,4.0,0.0,0.9968322693039133,0.9723485389683875,-0.3177797101511049,-2.8437807970534275,0.025260010869023186,-0.000450898078270201,-0.004035044577903907,Marginal Loss,Tiny,0.0354725352081004,0.035585259727668
rether.7_000,108.6873801141046,95.13294053310528,0.0099179744720458,95.14285850757733,0.0058040618896484,0.0039355754852294,10,8,10.0,8.0,20.0,1.1424789300640035,1.1423598346632455,12.471033496961,12.461908265989722,9.125230971280651e-05,13.554439580999315,13.544521606527269,Strong Benefit,Small,10.86873801141046,11.89161756663816
mcs.1_000,0.1390686290105804,0.0670352939050644,0.0066463947296142,0.0736816886346786,0.0047683715820312,0.0017178058624267,6,3,6.0,3.0,50.0,2.074558354402531,1.8874245635180402,51.79696932227302,47.01775004262617,0.04779219279646842,0.072033335105516,0.0653869403759018,Strong Benefit,Small,0.0231781048350967,0.0223450979683548
peterson.5_000,6331.959580921917,1938.9152432010744,0.0141160488128662,1938.9293592498873,0.0072269439697265,0.0067348480224609,9,3,9.0,3.0,66.66666666666666,3.2657227298229374,3.265698954278334,69.37890682304746,69.37868388971012,2.2293333734153335e-06,4393.044337720843,4393.03022167203,Strong Benefit,Small,703.5510645468797,646.3050810670247
szymanski.2_000,0.3138288600603118,0.2709236498922109,0.0029494762420654,0.2738731261342763,0.0020458698272705,0.0007150173187255,5,4,5.0,4.0,20.0,1.1583664260583049,1.1458914004817171,13.6715310885861,12.731695204308746,0.009398358842773633,0.042905210168100893,0.03995573392603552,Strong Benefit,Small,0.0627657720120623,0.0677309124730527
lann.7_000,4000.0,2000.0,0.0039153099060058,2000.003915309906,0.0026605129241943,0.0010755062103271,4,2,4.0,2.0,50.0,2.0,1.999996084697759,50.0,49.99990211725235,9.7882747650145e-07,2000.0,1999.996084690094,Strong Benefit,Tiny,1000.0,1000.0
bakery.5_000,244.0867608388653,75.93629658292048,0.0085375308990478,75.94483411381952,0.0043177604675292,0.0040309429168701,9,3,9.0,3.0,66.66666666666666,3.2143621933462194,3.214000842678111,68.88962911304719,68.88613136869198,3.497744355206499e-05,168.15046425594483,168.14192672504578,Strong Benefit,Small,27.120751204318367,25.31209886097349
at.3_000,38.21729199716356,16.50460179883521,0.0034065246582031,16.508008323493414,0.0022730827331542,0.0009629726409912,6,3,6.0,3.0,50.0,2.315553714229003,2.3150758860942977,56.8137852361173,56.804871667205994,8.913568911308338e-05,21.712690198328346,21.709283673670143,Strong Benefit,Small,6.369548666193926,5.50153393294507
bakery.3_000,0.5888863211730495,0.1920435079373419,0.0084576606750488,0.2005011686123907,0.0046308040618896,0.0036520957946777,9,3,9.0,3.0,66.66666666666666,3.0664213932458764,2.9370717649605615,67.38869608062976,65.95248328862581,0.014362127920039497,0.3968428132357076,0.3883851525606588,Strong Benefit,Small,0.0654318134636721,0.0640145026457806
elevator2.2_000,6.924923613085412,3.5613184380345047,0.0217516422271728,3.5830700802616775,0.0139808654785156,0.0075857639312744,11,5,11.0,5.0,54.54545454545454,1.9444831271272909,1.9326788083864868,48.572451668564284,48.25834506692509,0.0031410660163919578,3.3636051750509077,3.341853532823735,Strong Benefit,Small,0.7694359570094902,0.712263687606901
fischer.3_000,74.96550489810761,35.73093548906036,0.0058882236480712,35.73682371270843,0.0040400028228759,0.0016713142395019,6,3,6.0,3.0,50.0,2.098056036653717,2.0977103477567596,52.33683073618259,52.32897615872584,7.8545774567575e-05,39.23456940904725,39.22868118539918,Strong Benefit,Small,12.494250816351268,11.910311829686783
at.5_000,1196.9230519549455,98.1567863119999,0.0078198909759521,98.16460620297585,0.0042686462402343,0.0033762454986572,12,1,12.0,1.0,91.66666666666666,12.193991846375464,12.193020460756058,91.7992400470791,91.79858671427185,6.533328072493716e-06,1098.7662656429457,1098.7584457519697,Strong Benefit,Small,149.6153814943682,98.1567863119999
lann.1_000,4000.0,2000.0,0.0040266513824462,2000.0040266513824,0.0029463768005371,0.0009040832519531,4,2,4.0,2.0,50.0,2.0,1.9999959733567245,50.0,49.99989933371543,1.00666284561155e-06,2000.0,1999.9959733486176,Strong Benefit,Tiny,1000.0,1000.0
rether.4_000,23.69631195499096,20.72262221481651,0.0098259449005126,20.732448159717023,0.0056929588317871,0.0039587020874023,10,8,10.0,8.0,20.0,1.14349968403363,1.14295773332899,12.549166916027731,12.507700780203828,0.000414661358239042,2.97368974017445,2.9638637952739373,Strong Benefit,Small,2.369631195499096,2.590327776852064
mcs.6_000,6.321271837921813,2.9030079368967563,0.0066463947296142,2.9096543316263705,0.0044760704040527,0.0019879341125488,6,3,6.0,3.0,50.0,2.1774903738909845,2.1725164289149412,54.07557195244507,53.970428637934496,0.0010514331451056966,3.418263901025057,3.4116175062954426,Strong Benefit,Small,1.0535453063203022,0.9676693122989188
leader_filters.4_000,0.1389938910724595,0.1394467031350359,0.0014214515686035,0.1408681547036394,0.0009782314300537,0.0002894401550292,2,2,2.0,2.0,0.0,0.9967527947782464,0.9866949089017102,-0.32577839146927384,-1.3484503647738164,0.010226719733045514,-0.00045281206257641315,-0.001874263631179901,Marginal Loss,Tiny,0.0694969455362297,0.0697233515675179
lamport.2_000,1.3898280011489987,0.6335004750872031,0.0061144828796386,0.6396149579668416,0.0042927265167236,0.0016272068023681,6,3,6.0,3.0,50.0,2.1938862807603816,2.172913537805426,54.41878602507105,53.97884073151072,0.004399452935603279,0.7563275260617957,0.7502130431821571,Strong Benefit,Small,0.2316380001914998,0.2111668250290677
peterson.3_000,3.4372492220718414,1.113292018068023,0.0148875713348388,1.128179589402862,0.0081119537353515,0.0066127777099609,9,3,9.0,3.0,66.66666666666666,3.087464174976078,3.0467216871838243,67.61096021437243,67.17783563209773,0.0043312458227469305,2.3239572040038183,2.3090696326689795,Strong Benefit,Small,0.3819165802302046,0.3710973393560077
bakery.4_000,2.851997421006672,0.9047589299734682,0.008657693862915,0.9134166238363832,0.0046126842498779,0.0038723945617675,9,3,9.0,3.0,66.66666666666666,3.152218040103021,3.122340174878993,68.27630616671053,67.97274018873503,0.00303565977975502,1.947238491033204,1.9385807971702889,Strong Benefit,Small,0.3168886023340747,0.301586309991156
elevator.4_001,9.298981191124769,9.358561940840444,0.0038175582885742,9.362379499129018,0.0028104782104492,0.0007839202880859,4,4,4.0,4.0,0.0,0.9936335571541535,0.9932283979718888,-0.6407234135771833,-0.6817769248179396,0.00041053511240756076,-0.05958074971567484,-0.06339830800424906,Marginal Loss,Tiny,2.324745297781192,2.339640485210112
lann.4_000,4000.0,2000.0,0.0037827491760253,2000.003782749176,0.0026078224182128,0.0009984970092773,4,2,4.0,2.0,50.0,2.0,1.9999962172579786,50.0,49.9999054312706,9.45687294006325e-07,2000.0,1999.996217250824,Strong Benefit,Tiny,1000.0,1000.0
public_subscribe.5_000,5000.0,5000.0,0.003587007522583,5000.003587007523,0.0027024745941162,0.0007064342498779,5,5,5.0,5.0,0.0,1.0,0.9999992825990102,0.0,-7.174015045166015e-05,7.174015045166e-07,0.0,-0.003587007522583008,Marginal Loss,Small,1000.0,1000.0
leader_filters.5_000,6.643486579996534,6.55782210896723,0.0015547275543212,6.559376836521551,0.0010714530944824,0.0003254413604736,2,2,2.0,2.0,0.0,1.0130629452287467,1.012822825334058,1.2894505015971396,1.2660482182388417,0.00023402283358296648,0.08566447102930397,0.08410974347498268,Marginal Benefit,Tiny,3.321743289998267,3.278911054483615
brp.6_000,575.9723715911387,576.371606515022,0.0034296512603759,576.3750361662824,0.0025339126586914,0.0007264614105224,4,4,4.0,4.0,0.0,0.9993073306884472,0.9993013844287532,-0.06931494348946711,-0.06991039761704991,5.954541275827865e-06,-0.39923492388334125,-0.40266457514371723,Marginal Loss,Tiny,143.99309289778466,144.0929016287555
anderson.4_000,0.5878520121332258,0.1920870828907936,0.008446455001831,0.2005335378926246,0.0043191909790039,0.0039496421813964,9,3,9.0,3.0,66.66666666666666,3.0603411915388117,2.931439889361501,67.3239048389511,65.88707127752802,0.014368335614230688,0.39576492924243223,0.3873184742406012,Strong Benefit,Small,0.065316890237025,0.0640290276302645
elevator2.3_001,391.6419671898475,257.16594872204587,0.0208477973937988,257.18679651943967,0.0132999420166015,0.0073609352111816,11,6,11.0,6.0,45.45454545454545,1.5229153359379943,1.5227918870253705,34.336467930826906,34.33114475324627,5.323177580632691e-05,134.47601846780162,134.45517067040782,Strong Benefit,Small,43.51577413220528,42.86099145367431
elevator.3_000,3.671129244030453,3.666188013856299,0.0035262107849121,3.6697142246412113,0.0026123523712158,0.0007441043853759,4,4,4.0,4.0,0.0,1.0013477841713185,1.0003855938916824,0.13459700941306904,0.038544526634207266,0.0009605248277886152,0.004941230174153599,0.0014150193892414897,Marginal Benefit,Tiny,0.9177823110076132,0.9165470034640748
fischer.2_000,0.2871447409270331,0.1391989000840112,0.0060148239135742,0.1452137239975854,0.0040593147277832,0.0017640590667724,6,3,6.0,3.0,50.0,2.062837714620817,1.9773939612746778,51.52308914500255,49.42838809139607,0.020947010536064938,0.14794584084302193,0.14193101692944773,Strong Benefit,Small,0.0478574568211721,0.046399633361337
bakery.7_000,1031.391009878018,321.93022688897327,0.0083582401275634,321.93858512910083,0.0041277408599853,0.0040457248687744,9,3,9.0,3.0,66.66666666666666,3.203771885122556,3.203688708094493,68.78679144905018,68.78598106384732,8.103852028487164e-06,709.4607829890447,709.4524247489171,Strong Benefit,Small,114.59900109755756,107.31007562965776
brp.2_000,0.2086235089227557,0.2100876291515305,0.0036063194274902,0.21369394857902071,0.0026526451110839,0.0007886886596679,4,4,4.0,4.0,0.0,0.9930309069853952,0.9762724228272189,-0.7018002124184953,-2.4304258338126172,0.017286256213941188,-0.0014641202287748178,-0.0050704396562650245,Marginal Loss,Tiny,0.0521558772306889,0.0525219072878826
driving_phils.3_000,2000.0,2000.0,0.0018403530120849,2000.001840353012,0.0012640953063964,0.0003943443298339,2,2,2.0,2.0,0.0,1.0,0.9999990798243407,0.0,-9.201765060424804e-05,9.2017650604245e-07,0.0,-0.001840353012084961,Marginal Loss,Tiny,1000.0,1000.0
anderson.3_000,4716.627496597939,1373.508956292062,0.0086052417755126,1373.5175615338376,0.0047199726104736,0.0037059783935546,9,3,9.0,3.0,66.66666666666666,3.4339983550824393,3.4339768406970905,70.87942693624287,70.87924449143921,1.8244480365938339e-06,3343.118540305877,3343.1099350641016,Strong Benefit,Small,524.0697218442155,457.8363187640207
lamport_nonatomic.3_000,0.508528791135177,0.24036934110336,0.0060031414031982,0.2463724825065582,0.0042202472686767,0.0016026496887207,6,3,6.0,3.0,50.0,2.115614199385383,2.0640648905327343,52.732402708843864,51.55191076662806,0.011804919422158038,0.268159450031817,0.26215630862861883,Strong Benefit,Small,0.0847547985225295,0.08012311370112
lamport.7_000,1163.6691755399806,528.5722955961246,0.0061643123626708,528.5784599084873,0.0040774345397949,0.0018894672393798,6,3,6.0,3.0,50.0,2.201532666837169,2.2015069924367454,54.57709916988651,54.57656943923005,5.2973065646517255e-06,635.096879943856,635.0907156314934,Strong Benefit,Small,193.9448625899968,176.1907651987082
extinction.4_000,10.58449578692671,10.60537619900424,0.0012116432189941,10.606587842223234,0.0006868839263916,0.0003454685211181,2,2,2.0,2.0,0.0,0.9980311483830727,0.9979171383271273,-0.19727356406831742,-0.2087209040586709,0.00011447339990353098,-0.02088041207753122,-0.02209205529652536,Marginal Loss,Tiny,5.292247893463355,5.30268809950212
rether.6_000,144.66303450521082,126.28563637600746,0.0097649097442626,126.29540128575172,0.0056540966033935,0.0039319992065429,10,8,10.0,8.0,20.0,1.145522473153525,1.1454339036296428,12.703589546603485,12.696839439516586,6.750107086901225e-05,18.377398129203357,18.367633219459094,Strong Benefit,Small,14.466303450521082,15.785704547000933
bopdp.1_000,4000.177867460996,4000.104042057996,0.0053048133850097,4000.109346871381,0.0044224262237548,0.0007100105285644,8,8,8.0,8.0,0.0,1.0000184558707033,1.0000171296791345,0.001845553009037371,0.0017129385713604574,1.3261443767691224e-06,0.07382540299977336,0.0685205896147636,Marginal Benefit,Small,500.0222334326245,500.0130052572495
anderson.2_000,0.1096509599592536,0.0371333339717239,0.0086350440979003,0.0457683780696242,0.0047023296356201,0.003732681274414,9,3,9.0,3.0,66.66666666666666,2.9528983323380027,2.3957798939794053,66.13496682060725,58.25993854806946,0.07875028272537779,0.0725176259875297,0.06388258188962939,Strong Benefit,Small,0.0121834399954726,0.0123777779905746
rether.2_000,0.1952730297343805,0.1580907950410619,0.0102388858795166,0.1683296809205785,0.0059690475463867,0.0040755271911621,10,8,10.0,8.0,20.0,1.2351954437553496,1.160062970870327,19.041152146763736,13.79778295571671,0.05243369191047023,0.03718223469331858,0.026943348813801976,Strong Benefit,Small,0.019527302973438,0.0197613493801327
elevator.4_000,2612.329693279229,1647.422082432662,11622.359471082687,13269.78155351535,4.106488943099976,11618.252643346786,521,271,521.0,271.0,47.98464491362764,1.5857075858918552,0.19686305179509053,36.93667048722817,-407.9673361159072,4.449040066031354,964.9076108465672,-10657.45186023612,Strong Loss,Large,5.896906756837989,6.07904827465927
bakery.2_000,0.1077847577398642,0.0315168879460543,0.0081779956817626,0.039694883627816896,0.0042052268981933,0.003779649734497,9,3,9.0,3.0,66.66666666666666,3.4199048435351034,2.715331243957398,70.75942034204918,63.17208067246438,0.0758733966958481,0.07626786979380991,0.06808987411204731,Strong Benefit,Small,0.0119760841933182,0.0105056293153514
iprotocol.2_000,0.4486993978498503,0.3297044381033629,0.0104248523712158,0.34012929047457874,0.0061326026916503,0.0041131973266601,6,3,6.0,3.0,50.0,1.3609140369204926,1.319202463344997,26.51997313049817,24.19662426460459,0.023233488658935757,0.11899495974648738,0.10857010737527156,Strong Benefit,Small,0.074783232974975,0.1099014793677876
brp.4_000,3218.288969813613,3050.8142324751243,21.18956661224365,3072.003799087368,0.4001133441925049,20.78914523124695,60,54,60.0,54.0,10.0,1.05489509507192,1.0476188117897849,5.203843996276947,4.545433057700762,0.006584109385761851,167.47473733848892,146.28517072624527,Marginal Benefit,Medium,53.638149496893554,56.49655986065045
lamport.6_000,215.5581292702118,99.39999231987169,0.0058929920196533,99.40588531189134,0.003981590270996,0.0017347335815429,6,3,6.0,3.0,50.0,2.168593017356986,2.16846445855682,53.88715208449906,53.88441825486359,2.7338296354697765e-05,116.15813695034011,116.15224395832045,Strong Benefit,Small,35.926354878368635,33.13333077329056
at.6_000,4801.166620797943,2212.083979084972,0.0036191940307617,2212.0875982790026,0.0023055076599121,0.0011289119720458,6,3,6.0,3.0,50.0,2.1704269214878296,2.170423370454785,53.92611517578767,53.926039794233205,7.538155445561683e-07,2589.0826417129715,2589.0790225189407,Strong Benefit,Small,800.1944367996572,737.3613263616571
szymanski.4_000,38.37411025818437,33.46578880620655,0.0029242038726806,33.46871301007923,0.0019736289978027,0.0007696151733398,5,4,5.0,4.0,20.0,1.1466668387947136,1.1465666530597656,12.79071076555055,12.783090513633292,7.62025191725958e-05,4.908321451977827,4.905397248105146,Strong Benefit,Small,7.674822051636875,8.366447201551637
extinction.2_000,0.0519712909590452,0.0519780620234087,0.0010232925415039,0.053001354564912596,0.0005443096160888,0.0003359317779541,2,2,2.0,2.0,0.0,0.9998697322658846,0.9805653343329963,-0.013028470600878706,-1.981985798042065,0.019689573274411877,-6.7710643634963374e-06,-0.0010300636058673956,Marginal Loss,Tiny,0.0259856454795226,0.0259890310117043
bakery.8_000,8664.125060491031,2968.830403535976,0.0090007781982421,2968.8394043141743,0.0045068264007568,0.004324197769165,9,3,9.0,3.0,66.66666666666666,2.918363086746811,2.918354239000177,65.73421571355156,65.73411182795279,1.038855987811883e-06,5695.294656955055,5695.285656176857,Strong Benefit,Small,962.6805622767812,989.610134511992
peterson.7_000,5549.553517176071,2034.728573372122,0.0135979652404785,2034.7421713373624,0.0069525241851806,0.0064883232116699,8,3,8.0,3.0,62.5,2.727417106046183,2.7273988790081205,63.33527432297819,63.33502929488362,2.450280945735959e-06,3514.8249438039493,3514.811345838709,Strong Benefit,Small,693.6941896470089,678.2428577907073
iprotocol.5_000,785.6895081200637,582.9282552730292,0.0099780559539794,582.9382333289832,0.0056240558624267,0.0041754245758056,6,3,6.0,3.0,50.0,1.3478322606820048,1.347809190063293,25.806791455340385,25.805521480897443,1.2699744429391848e-05,202.76125284703448,202.7512747910805,Strong Benefit,Small,130.94825135334395,194.30941842434308
szymanski.1_000,0.2002488620346412,0.177843876183033,0.0030279159545898,0.18087179213762278,0.0021219253540039,0.0007293224334716,5,4,5.0,4.0,20.0,1.12598120515856,1.107131519337602,11.188570873242895,9.676494388101128,0.015120764851417725,0.022404985851608217,0.01937706989701843,Strong Benefit,Small,0.0400497724069282,0.0444609690457582
mcs.5_000,2188.7222984366817,1054.8391816568328,0.0065414905548095,1054.8457231473876,0.0044360160827636,0.0019493103027343,6,3,6.0,3.0,50.0,2.0749345838660087,2.074921716425127,51.80570954980159,51.8054106772329,2.988725686891311e-06,1133.883116779849,1133.8765752892941,Strong Benefit,Small,364.78704973944696,351.6130605522776
phils.8_000,2176.529321759939,1143.9059965260094,0.0067360401153564,1143.9127325661248,0.0047705173492431,0.0017869472503662,6,3,6.0,3.0,50.0,1.902716943848498,1.9027057395168239,47.44357518689212,47.44326570150876,3.094853833583848e-06,1032.6233252339298,1032.6165891938144,Strong Benefit,Small,362.75488695998985,381.3019988420031
protocols.5_000,11.461461262078956,9.056105461902916,0.0032706260681152,9.059376087971032,0.0023894309997558,0.0007033348083496,6,4,6.0,4.0,33.33333333333333,1.2656059837526024,1.2651490732675723,20.986467128186582,20.95793127230112,0.00028535855885464576,2.4053558001760393,2.402085174107924,Strong Benefit,Small,1.910243543679826,2.264026365475729
lamport_nonatomic.4_000,29.418308209977116,13.365852693095803,0.0056967735290527,13.371549466624856,0.0038046836853027,0.0016956329345703,6,3,6.0,3.0,50.0,2.201004970313139,2.2000672609711147,54.566208914206626,54.54684419245447,0.00019364721752152488,16.052455516881313,16.04675874335226,Strong Benefit,Small,4.903051368329519,4.455284231031935
rether.1_000,0.1490766589995473,0.1284755149390548,0.0099120140075683,0.1383875289466231,0.0058143138885498,0.0039186477661132,10,8,10.0,8.0,20.0,1.1603507413086853,1.0772405586998166,13.81916136217882,7.1702237792682695,0.06648937582910548,0.020601144060492516,0.010689130052924212,Marginal Benefit,Small,0.0149076658999547,0.0160594393673818
bopdp.2_000,4000.185921415105,4000.176730377949,0.0053179264068603,4000.1820483043557,0.0044050216674804,0.0007338523864746,8,8,8.0,8.0,0.0,1.0000022976577725,1.000000968233621,0.0002297652493334894,9.682326835228834e-05,1.3294198098119979e-06,0.009191037156142556,0.0038731107492822048,Marginal Benefit,Small,500.02324017688807,500.0220912972436
lamport.3_000,0.4367935139453038,0.2064894118811935,0.0060319900512695,0.212521401932463,0.004256248474121,0.0015897750854492,6,3,6.0,3.0,50.0,2.1153312897061225,2.055291890480339,52.726081022565154,51.34511041318361,0.013809706093815391,0.2303041020641103,0.2242721120128408,Strong Benefit,Small,0.0727989189908839,0.0688298039603978
anderson.5_000,8000.0,5000.0,0.0084118843078613,5000.008411884308,0.0043027400970458,0.0039200782775878,8,5,8.0,5.0,37.5,1.6,1.5999973082015502,37.5,37.49989485144615,1.0514855384826625e-06,3000.0,2999.991588115692,Strong Benefit,Small,1000.0,1000.0
fischer.6_000,234.9680801230716,105.13361804001032,0.0058522224426269,105.13947026245295,0.0040228366851806,0.0016469955444335,6,3,6.0,3.0,50.0,2.234947151097289,2.23482275054778,55.2562126800613,55.25372203433633,2.4906457249689502e-05,129.83446208306128,129.82860986061866,Strong Benefit,Small,39.16134668717859,35.04453934667011
leader_filters.7_000,142.49881991103757,153.2126597838942,0.0014591217041015,153.2141189055983,0.0009810924530029,0.0003187656402587,2,2,2.0,2.0,0.0,0.9300720979064756,0.9300632404435072,-7.518546384836945,-7.519570338372149,1.0239535352029119e-05,-10.713839872856624,-10.715298994560726,Marginal Loss,Tiny,71.24940995551879,76.6063298919471
protocols.2_000,0.1380006769904866,0.1026142569025978,0.0035271644592285,0.1061414213618263,0.0026161670684814,0.0007305145263671,6,4,6.0,4.0,33.33333333333333,1.3448489630585918,1.3001585546895498,25.642207603320845,23.086303867086528,0.025559037362343183,0.035386420087888795,0.031859255628660293,Strong Benefit,Small,0.0230001128317477,0.0256535642256494
protocols.1_000,0.0804258460411802,0.0621244849171489,0.0041959285736083,0.0663204134907572,0.0031983852386474,0.0008111000061035,6,4,6.0,4.0,33.33333333333333,1.2945917563491842,1.2126861370125326,22.755571778083013,17.538432288546446,0.05217139489536576,0.018301361124031294,0.014105432550423,Strong Benefit,Small,0.01340430767353,0.0155311212292872
brp.5_000,219.2292505480582,221.190864139935,0.0035090446472167,221.19437318458222,0.0026283264160156,0.0007133483886718,4,4,4.0,4.0,0.0,0.9911315795093788,0.9911158561213301,-0.8947773104970764,-0.8963779384417712,1.6006279446945732e-05,-1.9616135918768123,-1.965122636524029,Marginal Loss,Tiny,54.80731263701455,55.29771603498375
mcs.4_000,0.2575164000736549,0.1225977321155369,0.0062325000762939,0.1288302321918308,0.004284381866455,0.0017931461334228,6,3,6.0,3.0,50.0,2.100498888763862,1.9988817507540297,52.39226236446631,49.97202812908897,0.024202342353773505,0.134918667958118,0.1286861678818241,Strong Benefit,Small,0.0429194000122758,0.0408659107051789
bakery.6_000,365.4395314739086,115.218174467911,0.0083601474761962,115.2265346153872,0.0042695999145507,0.0039136409759521,9,3,9.0,3.0,66.66666666666666,3.17171777075574,3.17148764990376,68.47134353439886,68.4690558378701,2.287696528746533e-05,250.22135700599756,250.21299685852136,Strong Benefit,Small,40.60439238598984,38.406058155970335
leader_filters.6_000,1449.4669152050046,1505.8679655020824,0.0014348030090332,1505.8694003050914,0.0009667873382568,0.000309944152832,2,2,2.0,2.0,0.0,0.9625458196939114,0.9625449025734506,-3.8911581703195126,-3.8912571586437017,9.898832418884632e-07,-56.401050297077745,-56.40248510008678,Marginal Loss,Tiny,724.7334576025023,752.9339827510412
fischer.5_000,3668.098938192241,1742.9355292150285,0.0060391426086425,1742.9415683576372,0.0041713714599609,0.0016849040985107,6,3,6.0,3.0,50.0,2.1045522778712615,2.1045449857786496,52.48395535170586,52.48379071212796,1.6463957789586742e-06,1925.1634089772124,1925.1573698346037,Strong Benefit,Small,611.3498230320401,580.9785097383428
public_subscribe.4_000,2021.3885451059325,2021.206441331189,0.0039794445037841,2021.2104207756927,0.003103494644165,0.0007011890411376,6,6,6.0,6.0,0.0,1.0000900965735215,1.0000881275538702,0.009008845686026487,0.008811978808878155,1.9686687714832943e-06,0.1821037747436094,0.1781243302398252,Marginal Benefit,Small,336.8980908509887,336.86774022186484
peterson.6_000,6245.869202051777,2389.80745781702,0.0128300189971923,2389.820287836017,0.006786823272705,0.0058872699737548,8,3,8.0,3.0,62.5,2.613544945481547,2.613530914371563,61.73779212296081,61.73758670689169,2.0541606911937283e-06,3856.0617442347575,3856.0489142157603,Strong Benefit,Small,780.7336502564722,796.6024859390067
adding.4_000,4349.0559700030135,2114.219576487784,33.70548391342163,2147.9250604012054,0.6363751888275146,33.068788051605225,413,168,413.0,168.0,59.32203389830508,2.057050279152092,2.0247708126235393,51.38670113536573,50.61169423396229,0.00775006901403439,2234.8363935152297,2201.130909601808,Strong Benefit,Large,10.530401864414076,12.584640336236806
fischer.1_000,0.0559833250008523,0.0282147661782801,0.0059657096862792,0.0341804758645593,0.0042195320129394,0.00156831741333,6,3,6.0,3.0,50.0,1.9841853250567996,1.6378743591132887,49.60148190938899,38.94525581672948,0.10656226092659514,0.027768558822572197,0.021802849136292997,Strong Benefit,Small,0.0093305541668087,0.0094049220594267
peterson.2_000,2.388876953860745,0.7712251959601417,0.0147593021392822,0.785984498099424,0.0081138610839843,0.0064849853515625,9,3,9.0,3.0,66.66666666666666,3.0975089589580866,3.039343599825758,67.71599329493557,67.09815895585716,0.00617834339078419,1.6176517579006031,1.602892455761321,Strong Benefit,Small,0.2654307726511938,0.2570750653200472
anderson.6_000,835.1959513761103,246.79535560996737,0.0082337856292724,246.80358939559665,0.0043413639068603,0.0037181377410888,9,3,9.0,3.0,66.66666666666666,3.384163973879819,3.384051072439595,70.45060441165512,70.4496185608957,9.858507594183145e-06,588.4005957661429,588.3923619805137,Strong Benefit,Small,92.79955015290116,82.26511853665579
public_subscribe.1_000,2000.037077258108,2000.0385055430236,0.004173994064331,2000.042679537088,0.003218650817871,0.0007686614990234,6,6,6.0,6.0,0.0,0.9999992858712912,0.9999971989202844,-7.141292188327457e-05,-0.00028010875616517046,2.0869583428189313e-06,-0.0014282849156188604,-0.005602278979949915,Marginal Loss,Small,333.33951287635136,333.33975092383724
lamport_nonatomic.2_000,0.2096931778360158,0.1026744950795546,0.0060346126556396,0.10870910773519421,0.0042457580566406,0.0016076564788818,6,3,6.0,3.0,50.0,2.042310290141097,1.928938450555678,51.035843827094794,48.1580140770212,0.028778297500735985,0.10701868275646119,0.10098407010082158,Strong Benefit,Small,0.0349488629726693,0.0342248316931848
peterson.4_000,32.59745865210425,10.095076279947534,0.0141711235046386,10.109247403452173,0.0072739124298095,0.0067253112792968,9,3,9.0,3.0,66.66666666666666,3.2290453036847846,3.224518834208435,69.0310941485131,68.98762105554633,0.0004347309296678506,22.502382372156717,22.488211248652078,Strong Benefit,Small,3.621939850233806,3.365025426649178
at.1_000,0.5588037350680679,0.2829302399186417,0.0034646987915039,0.2863949387101456,0.0024104118347167,0.0008831024169921,6,3,6.0,3.0,50.0,1.9750583579498442,1.9511648410575497,49.36858468131428,48.74856398816665,0.006200206931476335,0.2758734951494262,0.2724087963579223,Strong Benefit,Small,0.0931339558446779,0.0943100799728805
bopdp.3_000,4008.272105711047,4008.564492153004,0.0052688121795654,4008.5697609651834,0.004366397857666,0.0007266998291015,8,8,8.0,8.0,0.0,0.9999270595639589,0.9999257452727817,-0.007294575673646361,-0.007426024139234772,1.3144846558840945e-06,-0.2923864419567508,-0.2976552541363162,Marginal Loss,Small,501.0340132138808,501.0705615191255
public_subscribe.3_000,2021.072972301976,2020.915554888896,0.004166841506958,2020.919721730403,0.0032358169555664,0.0007541179656982,6,6,6.0,6.0,0.0,1.0000778941073016,1.0000758320926484,0.007788804028229358,0.007582634257812211,2.0616977041714736e-06,0.15741741308011115,0.15325057157315314,Marginal Benefit,Small,336.84549538366264,336.8192591481493
at.4_000,168.78606463584583,74.88093412609305,0.0036132335662841,74.88454735965934,0.0023431777954101,0.0011007785797119,6,3,6.0,3.0,50.0,2.2540592823217804,2.253950522331283,55.63559450974351,55.63345379180328,2.1407179402396835e-05,93.90513050975278,93.9015172761865,Strong Benefit,Small,28.131010772640973,24.960311375364352
collision.4_000,16713.032105493126,15669.861164573114,22.07540345191956,15691.936568025034,0.3026909828186035,21.77242350578308,27,25,27.0,25.0,7.4074074074074066,1.0665718049422444,1.0650713526046713,6.241661802212118,6.109576832156541,0.0013208497005557697,1043.170940920012,1021.0955374680925,Marginal Benefit,Medium,619.001189092338,626.7944465829246
phils.2_000,0.0699873089324683,0.0391063829883933,0.0062277317047119,0.0453341146931052,0.0042488574981689,0.0018219947814941,6,3,6.0,3.0,50.0,1.7896645914105735,1.543811088101221,44.12360814426001,35.22523528251572,0.08898372861744296,0.030880925944074995,0.024653194239363095,Strong Benefit,Small,0.0116645514887447,0.0130354609961311
leader_filters.2_000,0.0841861958615481,0.0831812790129333,0.0017547607421875,0.0849360397551208,0.0013158321380615,0.00028657913208,2,2,2.0,2.0,0.0,1.0120810458860408,0.9911716640458564,1.1936836417546122,-0.8906969674765788,0.02084380609231191,0.001004916848614798,-0.000749843893572702,Marginal Loss,Tiny,0.042093097930774,0.0415906395064666
peterson.1_000,0.2706296548712998,0.0839440970448777,0.0148553848266601,0.0987994818715378,0.0082359313964843,0.0064599514007568,9,3,9.0,3.0,66.66666666666666,3.2239271657972255,2.73918091213455,68.98192953584558,63.4927362566668,0.054891932791787744,0.1866855578264221,0.171830172999762,Strong Benefit,Small,0.0300699616523666,0.0279813656816259
iprotocol.3_000,20.341095686890185,14.747016387060285,0.0104327201843261,14.75744910724461,0.0061273574829101,0.0041244029998779,6,3,6.0,3.0,50.0,1.3793363452649585,1.3783612288999523,27.50136662222812,27.4500777420964,0.0005128888013171275,5.5940792998299,5.583646579645574,Strong Benefit,Small,3.3901826144816973,4.915672129020095
bridge.3_000,1888.8057764228436,1601.629150229739,3408.726629018784,5010.355779248523,3.794126749038696,3404.9321599006653,429,345,429.0,345.0,19.58041958041958,1.1793028218498094,0.37698037018563496,15.204137438470793,-165.26580137516817,1.8046993881363895,287.17662619310454,-3121.5500028256793,Strong Loss,Large,4.402810667652315,4.642403333999243
lamport.8_000,1970.2914972708093,936.209935183986,0.0061488151550292,936.216083999141,0.0040879249572753,0.0018768310546875,6,3,6.0,3.0,50.0,2.1045402566504525,2.104526434596713,52.48368393809765,52.48337186167832,3.1207641932913788e-06,1034.0815620868234,1034.0754132716684,Strong Benefit,Small,328.3819162118016,312.06997839466203
lamport_nonatomic.1_000,0.2953625272493809,0.1381526109762489,0.0058932304382324,0.1440458414144813,0.0041468143463134,0.0015656948089599,6,3,6.0,3.0,50.0,2.1379438662955086,2.0504759064824163,53.226087187558605,51.2308339328163,0.01995253254742305,0.157209916273132,0.1513166858348996,Strong Benefit,Small,0.0492270878748968,0.0460508703254163
leader-election.3_000,998.728168929927,775.2532444677781,46863.0143392086,47638.26758367638,15.23035454750061,46847.78362226486,633,409,633.0,409.0,35.3870458135861,1.288260547191347,0.020964829738521998,22.37595087576111,-4669.893256812584,46.92269207688345,223.47492446214892,-46639.539414746454,Strong Loss,Large,1.9280466581658824,1.895484705300191
phils.4_000,9.812293221941218,5.085453981999308,0.0059955120086669,5.091449494007975,0.0042047500610351,0.0016345977783203,6,3,6.0,3.0,50.0,1.9294822559939062,1.92721016549199,48.17262522661114,48.111523179688405,0.0006110204692273532,4.72683923994191,4.720843727933243,Strong Benefit,Small,1.6353822036568697,1.6951513273331027
anderson.1_000,5.340883372933604,1.7035180709790438,0.0081186294555664,1.7116367004346102,0.0042908191680908,0.0036404132843017,9,3,9.0,3.0,66.66666666666666,3.13520793463852,3.120337026880455,68.10418891354021,67.95217980027797,0.0015200911326223277,3.63736530195456,3.6292466724989936,Strong Benefit,Small,0.5934314858815115,0.5678393569930146
cyclic_scheduler.3_000,74862.76412168099,68807.1580325301,4847.566239595413,73654.72427212552,4.051352024078369,4843.514530181885,356,323,356.0,323.0,9.269662921348315,1.0880083738713342,1.0164013898835902,8.088942694272118,1.6136725162751626,0.06475270177996956,6055.606089150882,1208.0398495554691,Marginal Benefit,Large,210.28866326314883,213.02525706665668
elevator2.3_000,2897.5280314597767,2343.2910757469945,1.6143956184387207,2344.905471365433,0.2071244716644287,1.4069502353668213,71,50,71.0,50.0,29.577464788732392,1.2365207470165023,1.2356694403431763,19.127923861138875,19.072207553965644,0.0005571630717323508,554.2369557127822,552.6225600943435,Strong Benefit,Medium,41.39325759228253,46.86582151493989
lann.6_000,4000.0,2000.0,0.0036396980285644,2000.0036396980286,0.002526044845581,0.000931978225708,4,2,4.0,2.0,50.0,2.0,1.999996360308595,50.0,49.999909007549284,9.099245071411e-07,2000.0,1999.9963603019714,Strong Benefit,Tiny,1000.0,1000.0
protocols.4_000,4.5788197660585865,3.6297174039063975,0.0035088062286376,3.633226210135035,0.002596378326416,0.0007314682006835,6,4,6.0,4.0,33.33333333333333,1.2614810621704984,1.2602627805793591,20.728100485360862,20.651469248319227,0.0007663123704163516,0.949102362152189,0.9455935559235513,Strong Benefit,Small,0.7631366276764311,0.9074293509765994
elevator.2_000,0.0545776620274409,0.0540171428583562,0.0035631656646728,0.057580308523029006,0.0026519298553466,0.0007331371307373,4,4,4.0,4.0,0.0,1.01037669042501,0.9478528932440992,1.0270120563297098,-5.50160337406614,0.06528615430395844,0.0005605191690847,-0.003002646495588103,Marginal Loss,Tiny,0.0136444155068602,0.013504285714589
anderson.8_000,4000.0,3000.0,0.0036449432373046,3000.0036449432373,0.0023257732391357,0.0011420249938964,4,3,4.0,3.0,25.0,1.3333333333333333,1.3333317133605294,25.0,24.999908876419067,9.1123580932615e-07,1000.0,999.9963550567627,Strong Benefit,Tiny,1000.0,1000.0
fischer.7_000,5000.0,4000.0,0.0048723220825195,4000.0048723220825,0.0034511089324951,0.0012428760528564,5,4,5.0,4.0,20.0,1.25,1.2499984774012038,20.0,19.99990255355835,9.744644165039e-07,1000.0,999.9951276779175,Strong Benefit,Small,1000.0,1000.0
leader_filters.1_000,0.0291790739865973,0.0267492260318249,0.0018134117126464,0.028562637744471302,0.0013468265533447,0.0002875328063964,2,2,2.0,2.0,0.0,1.090838065814745,1.0215819087733,8.327364863903805,2.1125970015674342,0.06214767862336367,0.002429847954772399,0.0006164362421259978,Marginal Benefit,Tiny,0.0145895369932986,0.0133746130159124
public_subscribe.2_000,2020.529933693004,2020.561112225987,0.0039472579956054,2020.5650594839826,0.0030479431152343,0.0007262229919433,6,6,6.0,6.0,0.0,0.9999845693689766,0.9999826158574733,-0.0015430869131427703,-0.001738444474037248,1.9535756089447474e-06,-0.031178532982949037,-0.035125790978554505,Marginal Loss,Small,336.75498894883395,336.7601853709978
leader_filters.3_000,0.2475951550295576,0.2469882289879024,0.001420259475708,0.2484084884636104,0.0009794235229492,0.0002899169921875,2,2,2.0,2.0,0.0,1.0024573075572962,0.9967258227000082,0.2451283998601398,-0.3284932752241158,0.005736216750842525,0.0006069260416551869,-0.0008133334340528209,Marginal Loss,Tiny,0.1237975775147788,0.1234941144939512
brp.3_000,10.16910191893112,10.217845437931828,0.0034847259521484,10.221330163883977,0.0025806427001953,0.0007290840148925,4,4,4.0,4.0,0.0,0.9952295697466945,0.9948902692589463,-0.47932963391749067,-0.5135974186238389,0.00034267784706347817,-0.04874351900070906,-0.052228244952857494,Marginal Loss,Tiny,2.54227547973278,2.554461359482957
fischer.4_000,29.34230747504625,13.29458409396466,0.0057337284088134,13.300317822373474,0.0039429664611816,0.0015962123870849,6,3,6.0,3.0,50.0,2.20708728213369,2.206135813212473,54.69141578156097,54.67187495842124,0.00019540823139726037,16.04772338108159,16.041989652672775,Strong Benefit,Small,4.890384579174376,4.431528031321553
iprotocol.7_000,1613.3921424670843,1187.7288416258525,0.0098633766174316,1187.73870500247,0.0055751800537109,0.0040972232818603,6,3,6.0,3.0,50.0,1.3583842421966885,1.3583729617228641,26.383127178885218,26.382515834850633,6.113440345847494e-06,425.66330084123183,425.6534374646144,Strong Benefit,Small,268.8986904111807,395.90961387528415
lamport.1_000,0.3605495850788429,0.1670078730676323,0.0059878826141357,0.17299575568176798,0.0042104721069335,0.001603364944458,6,3,6.0,3.0,50.0,2.1588777729827924,2.084152779690659,53.67963798069218,52.01887262082461,0.01660765359867577,0.1935417120112106,0.1875538293970749,Strong Benefit,Small,0.0600915975131404,0.0556692910225441
elevator.1_000,0.1366409990005195,0.1336004411568865,0.0036263465881347,0.1372267877450212,0.0026934146881103,0.0007641315460205,4,4,4.0,4.0,0.0,1.0227585913437403,0.9957312361957334,2.225216344928389,-0.42870642690448046,0.02653922771832862,0.003040557843632996,-0.000585788744501714,Marginal Loss,Tiny,0.0341602497501298,0.0334001102892216
iprotocol.6_000,1053.5221083799845,773.1473034779774,0.0098702907562255,773.1571737687336,0.00559663772583,0.0040876865386962,6,3,6.0,3.0,50.0,1.3626408624084316,1.3626234666421313,26.61309171130194,26.612154826287593,9.368850143451837e-06,280.3748049020071,280.3649346112509,Strong Benefit,Small,175.5870180633307,257.7157678259925
szymanski.5_000,1911.7977614091944,1657.0849217918003,0.0031402111053466,1657.0880620029056,0.0020725727081298,0.0008990764617919,5,4,5.0,4.0,20.0,1.1537113978093374,1.1537092115058893,13.32321047544507,13.323046221088845,1.6425435622604436e-06,254.71283961739414,254.7096994062888,Strong Benefit,Small,382.3595522818388,414.2712304479501
rether.3_000,4.585023583145812,4.023542250040919,0.0099496841430664,4.033491934183985,0.0059084892272949,0.0038607120513916,10,8,10.0,8.0,20.0,1.1395490088613294,1.1367380071564237,12.245985716820629,12.028981726271034,0.002170039905495941,0.5614813331048936,0.5515316489618272,Strong Benefit,Small,0.4585023583145812,0.5029427812551148
