benchmark,formula_count,avg_length,avg_operator_count,avg_atomic_props,avg_nesting_depth,avg_temporal_ops,avg_automaton_states,avg_structural_complexity,avg_temporal_complexity,avg_automaton_complexity,avg_overall_complexity,max_overall_complexity,complexity_variance,total_time,time_per_formula,equivalence_class_time,containment_analysis_time
adding.4_000,413,67.0726392251816,8.2227602905569,2.486682808716707,3.5060532687651333,2.6585956416464893,5.084745762711864,36.157627118644065,23.652542372881356,6.256174334140436,22.185157384987896,87.78,180.0290709800726,0.0,0.0,0.0,0.0
anderson.1_000,9,44.0,4.0,2.2222222222222223,3.2222222222222223,0.0,2.0,24.288888888888888,0.0,2.3555555555555556,7.993333333333335,11.76,3.4662222222222216,0.0,0.0,0.0,0.0
anderson.2_000,9,54.666666666666664,5.333333333333333,2.5555555555555554,3.3333333333333335,0.0,2.0,28.688888888888886,0.0,2.3555555555555556,9.313333333333333,14.82,6.729622222222222,0.0,0.0,0.0,0.0
anderson.3_000,9,54.666666666666664,5.333333333333333,2.5555555555555554,3.3333333333333335,0.0,2.0,28.688888888888886,0.0,2.355555555555555,9.313333333333334,14.82,6.729622222222222,0.0,0.0,0.0,0.0
anderson.4_000,9,68.66666666666667,7.111111111111111,2.888888888888889,3.3333333333333335,0.0,2.0,33.97777777777778,0.0,2.3555555555555556,10.9,25.200000000000003,29.407200000000007,0.0,0.0,0.0,0.0
anderson.5_000,8,92.375,10.0,3.5,3.375,0.0,2.125,42.862500000000004,0.0,2.5,13.60875,38.94,97.37548593749999,0.0,0.0,0.0,0.0
anderson.6_000,9,107.33333333333333,12.0,3.5555555555555554,3.3333333333333335,0.0,2.0,48.28888888888889,0.0,2.3555555555555556,15.193333333333332,56.04,218.01822222222216,0.0,0.0,0.0,0.0
anderson.7_000,7,126.85714285714286,14.428571428571429,4.142857142857143,3.4285714285714284,0.0,2.0,55.97142857142858,0.0,2.3428571428571425,17.494285714285713,56.04,256.4635959183673,0.0,0.0,0.0,0.0
anderson.8_000,4,63.5,6.25,3.5,3.25,0.0,2.25,32.1,0.0,2.625,10.4175,16.59,15.603468749999998,0.0,0.0,0.0,0.0
at.1_000,6,40.833333333333336,3.8333333333333335,2.0,3.0,0.0,1.6666666666666667,22.75,0.0,1.95,7.41,9.09,1.2254999999999991,0.0,0.0,0.0,0.0
at.2_000,6,40.833333333333336,3.8333333333333335,2.0,3.0,0.0,1.6666666666666667,22.75,0.0,1.95,7.41,9.09,1.2254999999999991,0.0,0.0,0.0,0.0
at.3_000,6,45.833333333333336,4.5,2.3333333333333335,3.0,0.0,1.6666666666666667,24.916666666666668,0.0,1.95,8.06,11.04,4.059499999999997,0.0,0.0,0.0,0.0
at.4_000,6,50.833333333333336,5.166666666666667,2.6666666666666665,3.0,0.0,1.6666666666666667,27.083333333333332,0.0,1.95,8.709999999999999,12.99,8.583499999999999,0.0,0.0,0.0,0.0
at.5_000,12,48.333333333333336,4.833333333333333,2.5,3.0,0.0,1.6666666666666667,26.000000000000004,0.0,1.95,8.385,12.99,6.427124999999999,0.0,0.0,0.0,0.0
at.6_000,6,50.833333333333336,5.166666666666667,2.6666666666666665,3.0,0.0,1.6666666666666667,27.083333333333332,0.0,1.95,8.71,12.99,8.583499999999999,0.0,0.0,0.0,0.0
at.7_000,5,59.6,6.2,3.4,3.0,0.0,1.8,30.76,0.0,2.1,9.858,14.94,16.268975999999995,0.0,0.0,0.0,0.0
bakery.1_000,9,46.666666666666664,4.0,2.2222222222222223,3.2222222222222223,0.0,2.0,24.555555555555557,0.0,2.355555555555556,8.073333333333332,12.120000000000001,4.038488888888889,0.0,0.0,0.0,0.0
bakery.2_000,9,46.666666666666664,4.0,2.2222222222222223,3.2222222222222223,0.0,2.0,24.555555555555557,0.0,2.3555555555555556,8.073333333333332,12.120000000000001,4.038488888888889,0.0,0.0,0.0,0.0
bakery.3_000,9,57.333333333333336,5.333333333333333,2.5555555555555554,3.3333333333333335,0.0,2.0,28.95555555555556,0.0,2.3555555555555556,9.393333333333333,14.82,7.09068888888889,0.0,0.0,0.0,0.0
bakery.4_000,9,57.333333333333336,5.333333333333333,2.5555555555555554,3.3333333333333335,0.0,2.0,28.95555555555556,0.0,2.3555555555555556,9.393333333333333,14.82,7.090688888888889,0.0,0.0,0.0,0.0
bakery.5_000,9,71.33333333333333,7.111111111111111,2.888888888888889,3.3333333333333335,0.0,2.0,34.24444444444444,0.0,2.3555555555555556,10.98,25.200000000000003,29.51440000000001,0.0,0.0,0.0,0.0
bakery.6_000,9,71.33333333333333,7.111111111111111,2.888888888888889,3.3333333333333335,0.0,2.0,34.24444444444444,0.0,2.3555555555555556,10.98,25.200000000000003,29.514400000000006,0.0,0.0,0.0,0.0
bakery.7_000,9,71.33333333333333,7.111111111111111,2.888888888888889,3.3333333333333335,0.0,2.0,34.24444444444444,0.0,2.3555555555555556,10.979999999999999,25.200000000000003,29.51440000000001,0.0,0.0,0.0,0.0
bakery.8_000,9,88.88888888888889,9.333333333333334,3.2222222222222223,3.3333333333333335,0.0,2.0,40.77777777777778,0.0,2.3555555555555556,12.940000000000001,38.94,90.8346,0.0,0.0,0.0,0.0
bopdp.1_000,8,131.25,10.5,3.0,5.25,1.0,2.5,52.875,14.5,3.0250000000000004,22.569999999999997,28.9,15.174899999999994,0.0,0.0,0.0,0.0
bopdp.2_000,8,131.25,10.5,3.0,5.25,1.0,2.5,52.875,14.5,3.0250000000000004,22.569999999999997,28.9,15.174899999999994,0.0,0.0,0.0,0.0
bopdp.3_000,8,131.25,10.5,3.0,5.25,1.0,2.5,52.875,14.5,3.0250000000000004,22.57,28.9,15.174899999999994,0.0,0.0,0.0,0.0
bridge.3_000,429,192.33100233100234,12.57109557109557,4.841491841491841,4.944055944055944,4.123543123543124,11.013986013986013,64.04895104895105,46.481351981351985,14.988111888111888,42.30365967365967,142.35,404.25601014991236,0.0,0.0,0.0,0.0
brp.1_000,4,57.5,2.5,2.0,3.0,0.0,2.0,21.75,0.0,2.3499999999999996,7.23,7.56,0.10889999999999975,0.0,0.0,0.0,0.0
brp.2_000,4,57.5,2.5,2.0,3.0,0.0,2.0,21.75,0.0,2.3499999999999996,7.2299999999999995,7.56,0.10889999999999975,0.0,0.0,0.0,0.0
brp.3_000,4,57.5,2.5,2.0,3.0,0.0,2.0,21.75,0.0,2.3499999999999996,7.23,7.56,0.10889999999999976,0.0,0.0,0.0,0.0
brp.4_000,60,185.45,12.516666666666667,4.383333333333334,4.683333333333334,4.516666666666667,9.15,62.01166666666666,49.68333333333333,12.57333333333333,42.24883333333334,90.23,341.1403803055556,0.0,0.0,0.0,0.0
brp.4_001,4,57.5,2.5,2.0,3.0,0.0,2.0,21.75,0.0,2.3499999999999996,7.23,7.56,0.10889999999999976,0.0,0.0,0.0,0.0
brp.5_000,4,57.5,2.5,2.0,3.0,0.0,2.0,21.75,0.0,2.35,7.2299999999999995,7.56,0.10889999999999976,0.0,0.0,0.0,0.0
brp.6_000,4,57.5,2.5,2.0,3.0,0.0,2.0,21.75,0.0,2.35,7.2299999999999995,7.56,0.10889999999999976,0.0,0.0,0.0,0.0
collision.4_000,27,158.44444444444446,11.592592592592593,4.962962962962963,4.777777777777778,2.7777777777777777,13.0,58.32592592592592,33.129629629629626,18.537037037037038,36.31074074074074,67.01,186.99037722908093,0.0,0.0,0.0,0.0
cyclic_scheduler.3_000,356,220.0308988764045,13.01123595505618,5.171348314606742,4.870786516853933,4.311797752808989,11.775280898876405,67.80926966292134,46.938202247191015,16.622191011235955,44.10471910112359,145.76999999999998,466.1641833480621,0.0,0.0,0.0,0.0
driving_phils.1_000,4,41.5,3.0,1.0,2.5,0.0,1.5,18.65,0.0,1.75,6.12,7.41,1.3220999999999998,0.0,0.0,0.0,0.0
driving_phils.2_000,4,41.5,3.0,1.0,2.5,0.0,1.5,18.650000000000002,0.0,1.75,6.12,7.41,1.3220999999999998,0.0,0.0,0.0,0.0
driving_phils.3_000,2,41.0,2.5,1.0,2.5,0.0,2.0,17.6,0.0,2.3,5.97,7.109999999999999,1.2995999999999992,0.0,0.0,0.0,0.0
driving_phils.4_000,4,41.5,3.0,1.0,2.5,0.0,1.5,18.65,0.0,1.75,6.12,7.41,1.3220999999999998,0.0,0.0,0.0,0.0
driving_phils.5_000,2,41.0,2.5,1.0,2.5,0.0,2.0,17.6,0.0,2.3,5.97,7.109999999999999,1.2995999999999992,0.0,0.0,0.0,0.0
elevator.1_000,4,57.5,2.5,2.0,3.0,0.0,2.0,21.75,0.0,2.3499999999999996,7.229999999999999,7.619999999999999,0.1125,0.0,0.0,0.0,0.0
elevator.2_000,4,57.5,2.5,2.0,3.0,0.0,2.0,21.75,0.0,2.3499999999999996,7.2299999999999995,7.619999999999999,0.1125,0.0,0.0,0.0,0.0
elevator.3_000,4,57.5,2.5,2.0,3.0,0.0,2.0,21.75,0.0,2.3499999999999996,7.2299999999999995,7.619999999999999,0.1125,0.0,0.0,0.0,0.0
elevator.4_000,521,180.15930902111324,11.644913627639156,4.174664107485604,4.589251439539347,3.7600767754318616,9.884836852207293,59.24817658349329,39.741842610364685,13.585604606525912,37.74687140115163,175.04999999999998,385.1769332061112,0.0,0.0,0.0,0.0
elevator.4_001,4,57.5,2.5,2.0,3.0,0.0,2.0,21.75,0.0,2.3499999999999996,7.2299999999999995,7.619999999999999,0.1125,0.0,0.0,0.0,0.0
elevator.5_000,4,57.5,2.5,2.0,3.0,0.0,2.0,21.75,0.0,2.3499999999999996,7.2299999999999995,7.619999999999999,0.11250000000000002,0.0,0.0,0.0,0.0
elevator2.1_000,11,84.81818181818181,8.090909090909092,2.8181818181818183,6.363636363636363,2.5454545454545454,4.181818181818182,46.57272727272728,49.45454545454545,5.127272727272726,35.291818181818186,51.86,364.5248876033058,0.0,0.0,0.0,0.0
elevator2.2_000,11,84.81818181818181,8.090909090909092,2.8181818181818183,6.363636363636363,2.5454545454545454,4.181818181818182,46.57272727272728,49.45454545454545,5.127272727272727,35.291818181818186,51.86,364.5248876033058,0.0,0.0,0.0,0.0
elevator2.3_000,71,103.87323943661971,8.267605633802816,2.647887323943662,3.7183098591549295,2.6619718309859155,5.76056338028169,40.725352112676056,23.704225352112676,7.133802816901408,23.839436619718313,84.48,208.3660024995041,0.0,0.0,0.0,0.0
elevator2.3_001,11,81.0909090909091,7.7272727272727275,2.6363636363636362,6.181818181818182,2.5454545454545454,4.090909090909091,44.74545454545455,49.45454545454545,5.0181818181818185,34.7109090909091,51.86,397.40011735537195,0.0,0.0,0.0,0.0
exit.3_000,306,176.48039215686273,11.915032679738562,4.218954248366013,4.549019607843137,3.764705882352941,9.140522875816993,59.34411764705883,40.48529411764706,12.175490196078432,37.65,133.83,315.72441568627454,0.0,0.0,0.0,0.0
extinction.1_000,1,23.0,1.0,1.0,2.0,0.0,1.0,11.3,0.0,1.1,3.72,3.72,0.0,0.0,0.0,0.0,0.0
extinction.2_000,2,23.5,1.5,1.0,2.0,0.0,1.5,12.350000000000001,0.0,1.7,4.215,4.709999999999999,0.24502499999999944,0.0,0.0,0.0,0.0
extinction.3_000,2,23.5,1.5,1.0,2.0,0.0,1.5,12.350000000000001,0.0,1.7,4.215,4.709999999999999,0.24502499999999944,0.0,0.0,0.0,0.0
extinction.4_000,2,23.5,1.5,1.0,2.0,0.0,1.5,12.350000000000001,0.0,1.7,4.215,4.709999999999999,0.24502499999999944,0.0,0.0,0.0,0.0
fischer.1_000,6,41.166666666666664,3.8333333333333335,2.0,3.0,0.0,1.6666666666666667,22.78333333333333,0.0,1.95,7.419999999999999,9.09,1.2088999999999994,0.0,0.0,0.0,0.0
fischer.2_000,6,46.166666666666664,4.5,2.3333333333333335,3.0,0.0,1.6666666666666667,24.95,0.0,1.95,8.07,11.04,4.029899999999998,0.0,0.0,0.0,0.0
fischer.3_000,6,56.166666666666664,5.833333333333333,3.0,3.0,0.0,1.6666666666666667,29.28333333333333,0.0,1.95,9.37,14.94,14.7419,0.0,0.0,0.0,0.0
fischer.4_000,6,61.166666666666664,6.5,3.3333333333333335,3.0,0.0,1.6666666666666667,31.45,0.0,1.95,10.02,16.89,22.632900000000003,0.0,0.0,0.0,0.0
fischer.5_000,6,61.166666666666664,6.5,3.3333333333333335,3.0,0.0,1.6666666666666667,31.45,0.0,1.95,10.020000000000001,16.89,22.632900000000003,0.0,0.0,0.0,0.0
fischer.6_000,6,66.16666666666667,7.166666666666667,3.6666666666666665,3.0,0.0,1.6666666666666667,33.61666666666667,0.0,1.95,10.670000000000002,18.84,32.213899999999995,0.0,0.0,0.0,0.0
fischer.7_000,5,72.0,7.8,4.2,3.0,0.0,1.8,36.0,0.0,2.1,11.43,18.84,35.19107999999999,0.0,0.0,0.0,0.0
iprotocol.1_000,6,45.833333333333336,2.5,1.6666666666666667,2.5,0.0,2.1666666666666665,18.75,0.0,2.5666666666666664,6.394999999999999,11.459999999999999,8.822824999999996,0.0,0.0,0.0,0.0
iprotocol.2_000,6,45.833333333333336,2.5,1.6666666666666667,2.5,0.0,2.1666666666666665,18.75,0.0,2.5666666666666664,6.395,11.459999999999999,8.822824999999996,0.0,0.0,0.0,0.0
iprotocol.3_000,6,45.833333333333336,2.5,1.6666666666666667,2.5,0.0,2.1666666666666665,18.75,0.0,2.5666666666666664,6.395,11.459999999999999,8.822824999999998,0.0,0.0,0.0,0.0
iprotocol.4_000,6,45.833333333333336,2.5,1.6666666666666667,2.5,0.0,2.1666666666666665,18.75,0.0,2.5666666666666664,6.3950000000000005,11.459999999999999,8.822824999999996,0.0,0.0,0.0,0.0
iprotocol.5_000,6,45.833333333333336,2.5,1.6666666666666667,2.5,0.0,2.1666666666666665,18.75,0.0,2.566666666666667,6.395,11.459999999999999,8.822824999999998,0.0,0.0,0.0,0.0
iprotocol.6_000,6,45.833333333333336,2.5,1.6666666666666667,2.5,0.0,2.1666666666666665,18.750000000000004,0.0,2.5666666666666664,6.394999999999999,11.459999999999999,8.822824999999998,0.0,0.0,0.0,0.0
iprotocol.7_000,6,45.833333333333336,2.5,1.6666666666666667,2.5,0.0,2.1666666666666665,18.75,0.0,2.5666666666666664,6.3950000000000005,11.459999999999999,8.822824999999996,0.0,0.0,0.0,0.0
lamport.1_000,6,40.833333333333336,3.8333333333333335,2.0,3.0,0.0,1.6666666666666667,22.75,0.0,1.9500000000000002,7.41,9.09,1.2254999999999991,0.0,0.0,0.0,0.0
lamport.2_000,6,40.833333333333336,3.8333333333333335,2.0,3.0,0.0,1.6666666666666667,22.75,0.0,1.95,7.41,9.09,1.2254999999999991,0.0,0.0,0.0,0.0
lamport.3_000,6,40.833333333333336,3.8333333333333335,2.0,3.0,0.0,1.6666666666666667,22.75,0.0,1.95,7.41,9.09,1.2254999999999991,0.0,0.0,0.0,0.0
lamport.5_000,6,45.833333333333336,4.5,2.3333333333333335,3.0,0.0,1.6666666666666667,24.916666666666668,0.0,1.95,8.06,11.04,4.059499999999997,0.0,0.0,0.0,0.0
lamport.6_000,6,45.833333333333336,4.5,2.3333333333333335,3.0,0.0,1.6666666666666667,24.916666666666668,0.0,1.9500000000000002,8.06,11.04,4.059499999999997,0.0,0.0,0.0,0.0
lamport.7_000,6,50.833333333333336,5.166666666666667,2.6666666666666665,3.0,0.0,1.6666666666666667,27.083333333333332,0.0,1.9500000000000002,8.709999999999999,12.99,8.583499999999999,0.0,0.0,0.0,0.0
lamport.8_000,6,50.833333333333336,5.166666666666667,2.6666666666666665,3.0,0.0,1.6666666666666667,27.083333333333332,0.0,1.95,8.709999999999999,12.99,8.583499999999999,0.0,0.0,0.0,0.0
lamport_nonatomic.1_000,6,40.833333333333336,3.8333333333333335,2.0,3.0,0.0,1.6666666666666667,22.75,0.0,1.95,7.41,9.09,1.2254999999999991,0.0,0.0,0.0,0.0
lamport_nonatomic.2_000,6,40.833333333333336,3.8333333333333335,2.0,3.0,0.0,1.6666666666666667,22.75,0.0,1.95,7.41,9.09,1.2254999999999991,0.0,0.0,0.0,0.0
lamport_nonatomic.3_000,6,40.833333333333336,3.8333333333333335,2.0,3.0,0.0,1.6666666666666667,22.75,0.0,1.95,7.41,9.09,1.2254999999999991,0.0,0.0,0.0,0.0
lamport_nonatomic.4_000,6,45.833333333333336,4.5,2.3333333333333335,3.0,0.0,1.6666666666666667,24.916666666666668,0.0,1.95,8.06,11.04,4.059499999999997,0.0,0.0,0.0,0.0
lamport_nonatomic.5_000,6,50.833333333333336,5.166666666666667,2.6666666666666665,3.0,0.0,1.6666666666666667,27.083333333333332,0.0,1.9499999999999995,8.709999999999999,12.99,8.583499999999999,0.0,0.0,0.0,0.0
lann.1_000,4,34.5,3.5,2.0,2.5,0.0,1.5,19.950000000000003,0.0,1.75,6.51,9.09,5.927399999999998,0.0,0.0,0.0,0.0
lann.2_000,4,42.0,4.5,2.5,2.5,0.0,1.5,23.200000000000003,0.0,1.75,7.484999999999999,11.04,11.616524999999994,0.0,0.0,0.0,0.0
lann.3_000,4,42.0,4.5,2.5,2.5,0.0,1.5,23.200000000000003,0.0,1.75,7.484999999999999,11.04,11.616524999999996,0.0,0.0,0.0,0.0
lann.4_000,4,49.5,5.5,3.0,2.5,0.0,1.5,26.45,0.0,1.75,8.46,12.99,19.2069,0.0,0.0,0.0,0.0
lann.5_000,4,57.0,6.5,3.5,2.5,0.0,1.5,29.7,0.0,1.7499999999999998,9.435,14.94,28.698524999999997,0.0,0.0,0.0,0.0
lann.6_000,4,42.0,4.5,2.5,2.5,0.0,1.5,23.200000000000003,0.0,1.75,7.484999999999999,11.04,11.616524999999996,0.0,0.0,0.0,0.0
lann.7_000,4,49.5,5.5,3.0,2.5,0.0,1.5,26.450000000000003,0.0,1.75,8.46,12.99,19.2069,0.0,0.0,0.0,0.0
leader-election.3_000,633,169.04897314375987,13.796208530805687,5.545023696682464,5.071090047393365,4.644549763033176,16.372827804107423,65.25560821484993,51.07977883096366,23.784834123222748,47.144044233807264,179.62,377.18726642458364,0.0,0.0,0.0,0.0
leader_filters.1_000,2,63.5,5.5,3.0,3.0,0.0,1.5,29.35,0.0,1.7,9.315,9.809999999999999,0.24502499999999922,0.0,0.0,0.0,0.0
leader_filters.2_000,2,63.5,5.5,3.0,3.0,0.0,1.5,29.35,0.0,1.7,9.315,9.809999999999999,0.24502499999999922,0.0,0.0,0.0,0.0
leader_filters.3_000,2,83.5,7.5,4.0,3.0,0.0,1.5,36.349999999999994,0.0,1.7,11.415,11.909999999999998,0.2450250000000001,0.0,0.0,0.0,0.0
leader_filters.4_000,2,83.5,7.5,4.0,3.0,0.0,1.5,36.349999999999994,0.0,1.7,11.415,11.909999999999998,0.2450250000000001,0.0,0.0,0.0,0.0
leader_filters.5_000,2,103.5,9.5,5.0,3.0,0.0,1.5,43.349999999999994,0.0,1.7,13.514999999999999,14.009999999999998,0.24502499999999922,0.0,0.0,0.0,0.0
leader_filters.6_000,2,103.5,9.5,5.0,3.0,0.0,1.5,43.349999999999994,0.0,1.7,13.514999999999999,14.009999999999998,0.24502499999999922,0.0,0.0,0.0,0.0
leader_filters.7_000,2,123.5,11.5,6.0,3.0,0.0,1.5,50.349999999999994,0.0,1.7,15.614999999999998,16.11,0.2450250000000001,0.0,0.0,0.0,0.0
mcs.1_000,6,61.5,6.5,3.3333333333333335,3.3333333333333335,0.0,1.6666666666666667,32.483333333333334,0.0,1.95,10.33,15.659999999999998,13.372699999999996,0.0,0.0,0.0,0.0
mcs.2_000,6,61.5,6.5,3.3333333333333335,3.3333333333333335,0.0,1.6666666666666667,32.483333333333334,0.0,1.95,10.33,15.659999999999998,13.372699999999996,0.0,0.0,0.0,0.0
mcs.3_000,6,66.5,7.166666666666667,3.6666666666666665,3.3333333333333335,0.0,1.6666666666666667,34.65,0.0,1.95,10.979999999999999,15.659999999999998,12.410699999999999,0.0,0.0,0.0,0.0
mcs.4_000,6,66.5,7.166666666666667,3.6666666666666665,3.3333333333333335,0.0,1.6666666666666667,34.65,0.0,1.95,10.979999999999999,15.659999999999998,12.410699999999997,0.0,0.0,0.0,0.0
mcs.5_000,6,71.5,7.833333333333333,4.0,3.3333333333333335,0.0,1.6666666666666667,36.81666666666666,0.0,1.95,11.63,15.659999999999998,13.138699999999995,0.0,0.0,0.0,0.0
mcs.6_000,6,71.5,7.833333333333333,4.0,3.3333333333333335,0.0,1.6666666666666667,36.81666666666666,0.0,1.95,11.63,15.659999999999998,13.138699999999995,0.0,0.0,0.0,0.0
peterson.1_000,9,55.111111111111114,5.333333333333333,2.5555555555555554,3.3333333333333335,0.0,2.0,28.733333333333334,0.0,2.3555555555555556,9.326666666666666,14.82,6.7866888888888885,0.0,0.0,0.0,0.0
peterson.2_000,9,55.111111111111114,5.333333333333333,2.5555555555555554,3.3333333333333335,0.0,2.0,28.733333333333334,0.0,2.3555555555555556,9.326666666666666,14.82,6.7866888888888885,0.0,0.0,0.0,0.0
peterson.3_000,9,55.111111111111114,5.333333333333333,2.5555555555555554,3.3333333333333335,0.0,2.0,28.733333333333334,0.0,2.355555555555555,9.326666666666666,14.82,6.7866888888888885,0.0,0.0,0.0,0.0
peterson.4_000,9,69.11111111111111,7.111111111111111,2.888888888888889,3.3333333333333335,0.0,2.0,34.02222222222222,0.0,2.3555555555555556,10.913333333333334,25.200000000000003,29.421955555555567,0.0,0.0,0.0,0.0
peterson.5_000,9,69.11111111111111,7.111111111111111,2.888888888888889,3.3333333333333335,0.0,2.0,34.02222222222222,0.0,2.355555555555555,10.913333333333334,25.200000000000003,29.421955555555567,0.0,0.0,0.0,0.0
peterson.6_000,8,69.5,7.0,2.75,3.375,0.0,2.125,33.825,0.0,2.5,10.897499999999999,25.200000000000003,33.09744375000001,0.0,0.0,0.0,0.0
peterson.7_000,8,87.375,9.25,3.0,3.375,0.0,2.125,40.3625,0.0,2.5,12.858749999999999,38.94,102.37701093749997,0.0,0.0,0.0,0.0
phils.1_000,6,49.833333333333336,3.8333333333333335,2.3333333333333335,2.6666666666666665,0.0,1.5,22.983333333333334,0.0,1.75,7.419999999999999,11.52,8.857099999999997,0.0,0.0,0.0,0.0
phils.2_000,6,56.166666666666664,4.5,2.6666666666666665,2.6666666666666665,0.0,1.5,25.283333333333335,0.0,1.7499999999999998,8.11,13.59,15.260299999999996,0.0,0.0,0.0,0.0
phils.3_000,6,62.5,5.166666666666667,3.0,2.6666666666666665,0.0,1.5,27.583333333333332,0.0,1.75,8.799999999999999,15.659999999999998,23.56789999999999,0.0,0.0,0.0,0.0
phils.4_000,6,81.5,7.166666666666667,4.0,2.6666666666666665,0.0,1.5,34.483333333333334,0.0,1.75,10.87,21.87,59.917100000000005,0.0,0.0,0.0,0.0
phils.5_000,6,101.16666666666667,9.166666666666666,5.0,2.6666666666666665,0.0,1.5,41.449999999999996,0.0,1.75,12.959999999999999,28.139999999999997,114.0063,0.0,0.0,0.0,0.0
phils.6_000,6,121.16666666666667,11.166666666666666,6.0,2.6666666666666665,0.0,1.5,48.45000000000001,0.0,1.7499999999999998,15.059999999999997,34.44,185.95229999999995,0.0,0.0,0.0,0.0
phils.7_000,6,107.83333333333333,9.833333333333334,5.333333333333333,2.6666666666666665,0.0,1.5,43.78333333333333,0.0,1.75,13.660000000000002,30.239999999999995,136.02829999999997,0.0,0.0,0.0,0.0
phils.8_000,6,127.83333333333333,11.833333333333334,6.333333333333333,2.6666666666666665,0.0,1.5,50.78333333333333,0.0,1.7499999999999998,15.76,36.54,213.85429999999997,0.0,0.0,0.0,0.0
production-cell.3_000,452,182.6283185840708,11.743362831858407,4.902654867256637,4.741150442477876,3.6194690265486726,13.055309734513274,60.87566371681417,39.150442477876105,18.85663716814159,39.57986725663717,155.76000000000002,366.2541234337066,0.0,0.0,0.0,0.0
protocols.1_000,6,88.83333333333333,5.166666666666667,3.0,3.5,0.6666666666666666,2.3333333333333335,32.71666666666667,8.666666666666666,2.7833333333333337,14.116666666666667,28.72,85.5464888888889,0.0,0.0,0.0,0.0
protocols.2_000,6,88.83333333333333,5.166666666666667,3.0,3.5,0.6666666666666666,2.3333333333333335,32.71666666666667,8.666666666666666,2.783333333333333,14.116666666666667,28.72,85.54648888888887,0.0,0.0,0.0,0.0
protocols.3_000,6,88.83333333333333,5.166666666666667,3.0,3.5,0.6666666666666666,2.3333333333333335,32.71666666666667,8.666666666666666,2.783333333333333,14.116666666666667,28.72,85.5464888888889,0.0,0.0,0.0,0.0
protocols.4_000,6,88.83333333333333,5.166666666666667,3.0,3.5,0.6666666666666666,2.3333333333333335,32.71666666666666,8.666666666666666,2.7833333333333337,14.116666666666667,28.72,85.54648888888887,0.0,0.0,0.0,0.0
protocols.5_000,6,88.83333333333333,5.166666666666667,3.0,3.5,0.6666666666666666,2.3333333333333335,32.71666666666667,8.666666666666666,2.783333333333333,14.116666666666665,28.72,85.54648888888887,0.0,0.0,0.0,0.0
public_subscribe.1_000,6,125.5,7.833333333333333,3.3333333333333335,4.5,0.6666666666666666,2.1666666666666665,45.050000000000004,10.0,2.583333333333333,18.29,35.42,124.44373333333333,0.0,0.0,0.0,0.0
public_subscribe.2_000,6,125.5,7.833333333333333,3.3333333333333335,4.5,0.6666666666666666,2.1666666666666665,45.050000000000004,10.0,2.583333333333333,18.29,35.42,124.44373333333333,0.0,0.0,0.0,0.0
public_subscribe.3_000,6,125.5,7.833333333333333,3.3333333333333335,4.5,0.6666666666666666,2.1666666666666665,45.050000000000004,10.0,2.5833333333333335,18.29,35.42,124.44373333333334,0.0,0.0,0.0,0.0
public_subscribe.4_000,6,125.5,7.833333333333333,3.3333333333333335,4.5,0.6666666666666666,2.1666666666666665,45.050000000000004,10.0,2.5833333333333335,18.290000000000003,35.42,124.44373333333334,0.0,0.0,0.0,0.0
public_subscribe.5_000,5,133.4,8.4,3.4,4.6,0.8,2.2,47.339999999999996,12.0,2.6199999999999997,19.788,35.42,135.868456,0.0,0.0,0.0,0.0
rether.1_000,10,89.7,5.7,2.2,4.4,1.4,2.9,35.769999999999996,24.0,3.5300000000000002,21.39,41.64,283.92911999999995,0.0,0.0,0.0,0.0
rether.2_000,10,89.7,5.7,2.2,4.4,1.4,2.9,35.77,24.0,3.53,21.389999999999997,41.64,283.92912,0.0,0.0,0.0,0.0
rether.3_000,10,89.7,5.7,2.2,4.4,1.4,2.9,35.769999999999996,24.0,3.53,21.390000000000004,41.64,283.92912,0.0,0.0,0.0,0.0
rether.4_000,10,89.7,5.7,2.2,4.4,1.4,2.9,35.77,24.0,3.5300000000000002,21.39,41.64,283.92911999999995,0.0,0.0,0.0,0.0
rether.5_000,10,89.7,5.7,2.2,4.4,1.4,2.9,35.77,24.0,3.53,21.390000000000004,41.64,283.92911999999995,0.0,0.0,0.0,0.0
rether.6_000,10,89.7,5.7,2.2,4.4,1.4,2.9,35.77,24.0,3.53,21.39,41.64,283.92912,0.0,0.0,0.0,0.0
rether.7_000,10,89.7,5.7,2.2,4.4,1.4,2.9,35.769999999999996,24.0,3.5300000000000002,21.389999999999997,41.64,283.92912,0.0,0.0,0.0,0.0
szymanski.1_000,5,41.6,3.8,2.2,3.0,0.0,1.8,22.96,0.0,2.1,7.518000000000001,9.09,1.4006159999999992,0.0,0.0,0.0,0.0
szymanski.2_000,5,41.6,3.8,2.2,3.0,0.0,1.8,22.959999999999997,0.0,2.0999999999999996,7.518000000000001,9.09,1.400615999999999,0.0,0.0,0.0,0.0
szymanski.3_000,5,47.6,4.6,2.6,3.0,0.0,1.8,25.560000000000002,0.0,2.1,8.297999999999998,11.04,4.531535999999997,0.0,0.0,0.0,0.0
szymanski.4_000,5,47.6,4.6,2.6,3.0,0.0,1.8,25.560000000000002,0.0,2.1,8.297999999999998,11.04,4.531535999999997,0.0,0.0,0.0,0.0
szymanski.5_000,5,53.6,5.4,3.0,3.0,0.0,1.8,28.160000000000004,0.0,2.1,9.078,12.99,9.487655999999998,0.0,0.0,0.0,0.0
